62cdb653-b361-ec11-9a8e-106530a6dad7,000001,"Canson Mi-Teintes Χαρτί A4 160gsm 506 Poppy Red",,000001,Τεμάχια,TEM,#00001,Κανονικός
64cdb653-b361-ec11-9a8e-106530a6dad7,000003,"Pilot V-Board Ανταλλακτικό Μαρκαδόρου Ασπροπίνακα Μαύρο",,000001,Τεμάχια,TEM,#00001,Κανονικός
ad91bd59-b361-ec11-9a8e-106530a6dad7,000004,"ΠΛΑΣΤΙΚΗ ΣΑΚΚΟΥΛΑ ΜΙΚΡΗ",,000001,Τεμάχια,TEM,#00001,Κανονικός
ae91bd59-b361-ec11-9a8e-106530a6dad7,000005,"ΣΤΥΛΟ PARTY GIRL",,000001,Τεμάχια,TEM,#00001,Κανονικός
af91bd59-b361-ec11-9a8e-106530a6dad7,000006,"STAEDTLER BALE 400 ΜΑΥΡΟ",,000001,Τεμάχια,TEM,#00001,Κανονικός
b091bd59-b361-ec11-9a8e-106530a6dad7,000007,"STAEDTLER BALE 400 ΜΠΛΕ",,000001,Τεμάχια,TEM,#00001,Κανονικός
b291bd59-b361-ec11-9a8e-106530a6dad7,000008,"Pentel Energel BLN105 Στυλό Gel Με Κουμπί 0.5mm Μπλε",,000001,Τεμάχια,TEM,#00001,Κανονικός
b391bd59-b361-ec11-9a8e-106530a6dad7,000009,"Pentel Energel BLN105 Στυλό Gel Με Κουμπί 0.5mm Μαύρο",,000001,Τεμάχια,TEM,#00001,Κανονικός
